hour,rideable_type,total_trips
0,classic_bike,1573
0,electric_bike,3221
1,classic_bike,924
1,electric_bike,1864
2,classic_bike,668
2,electric_bike,1438
3,classic_bike,339
3,electric_bike,916
4,classic_bike,449
4,electric_bike,1332
5,classic_bike,1214
5,electric_bike,3465
6,classic_bike,3207
6,electric_bike,8696
7,classic_bike,7514
7,electric_bike,15258
8,classic_bike,11907
8,electric_bike,17090
9,classic_bike,7455
9,electric_bike,10649
10,classic_bike,7015
10,electric_bike,10257
11,classic_bike,8201
11,electric_bike,11079
12,classic_bike,8276
12,electric_bike,12399
13,classic_bike,7779
13,electric_bike,12994
14,classic_bike,7400
14,electric_bike,14220
15,classic_bike,8253
15,electric_bike,17341
16,classic_bike,9581
16,electric_bike,20559
17,classic_bike,13641
17,electric_bike,28048
18,classic_bike,13152
18,electric_bike,25526
19,classic_bike,10239
19,electric_bike,17740
20,classic_bike,7546
20,electric_bike,12564
21,classic_bike,5457
21,electric_bike,9064
22,classic_bike,3799
22,electric_bike,6952
23,classic_bike,2505
23,electric_bike,4942
