station_id,start_trips,end_trips,total_station_activity
JC115,19156.0,19426,38582.0
HB106,14650.0,15220,29870.0
HB101,10977.0,11023,22000.0
JC109,9960.0,9725,19685.0
JC009,8994.0,8988,17982.0
HB502,8525.0,8505,17030.0
JC116,8169.0,8054,16223.0
HB501,7891.0,7872,15763.0
HB103,7924.0,7650,15574.0
HB202,7824.0,7626,15450.0
HB609,7929.0,7501,15430.0
HB603,7409.0,7312,14721.0
JC066,7146.0,7084,14230.0
HB201,7106.0,7105,14211.0
JC105,6757.0,6758,13515.0
HB612,6745.0,6665,13410.0
JC008,6635.0,6575,13210.0
HB402,6498.0,6509,13007.0
JC013,6510.0,6474,12984.0
HB601,6379.0,6377,12756.0
HB105,6344.0,6360,12704.0
HB303,6313.0,6362,12675.0
JC003,6108.0,6338,12446.0
HB611,5966.0,5910,11876.0
HB305,5916.0,5957,11873.0
JC014,5959.0,5886,11845.0
JC032,5750.0,5717,11467.0
HB408,5663.0,5672,11335.0
HB505,5627.0,5623,11250.0
HB401,5555.0,5575,11130.0
JC082,5540.0,5538,11078.0
JC006,5419.0,5412,10831.0
JC098,5306.0,5268,10574.0
HB304,5305.0,5233,10538.0
HB301,5257.0,5250,10507.0
JC052,5236.0,5208,10444.0
JC023,5201.0,5182,10383.0
HB409,4901.0,4888,9789.0
HB602,4682.0,4580,9262.0
JC110,4489.0,4473,8962.0
JC055,4737.0,4169,8906.0
JC102,4423.0,4390,8813.0
HB407,4388.0,4378,8766.0
HB203,4347.0,4285,8632.0
JC035,4272.0,4299,8571.0
HB608,4200.0,4168,8368.0
JC118,3973.0,3982,7955.0
JC081,3934.0,3901,7835.0
JC072,3916.0,3744,7660.0
JC020,3831.0,3773,7604.0
JC074,3587.0,3593,7180.0
HB610,3366.0,3365,6731.0
HB302,3285.0,3269,6554.0
JC103,3188.0,3100,6288.0
JC019,3127.0,2987,6114.0
JC075,3044.0,3058,6102.0
JC027,3061.0,3014,6075.0
JC002,3050.0,2972,6022.0
JC057,2953.0,2779,5732.0
JC024,2864.0,2819,5683.0
JC099,2826.0,2834,5660.0
HB503,2815.0,2820,5635.0
JC076,2798.0,2781,5579.0
JC022,3224.0,2348,5572.0
JC053,2413.0,2403,4816.0
JC117,2404.0,2360,4764.0
JC078,2324.0,2327,4651.0
JC038,2306.0,2277,4583.0
JC097,2297.0,2249,4546.0
JC095,2245.0,2193,4438.0
JC034,2256.0,2163,4419.0
JC149,2019.0,2030,4049.0
JC093,2041.0,1827,3868.0
JC084,1839.0,1796,3635.0
JC059,1790.0,1765,3555.0
JC065,1556.0,1468,3024.0
JC094,1569.0,1319,2888.0
JC077,1409.0,1392,2801.0
HB506,1373.0,1428,2801.0
JC148,1318.0,1328,2646.0
HB410,1263.0,1267,2530.0
JC104,1201.0,1201,2402.0
JC018,1186.0,1113,2299.0
JC080,1128.0,1005,2133.0
JC124,783.0,788,1571.0
JC145,744.0,740,1484.0
HB508,723.0,726,1449.0
JC063,655.0,623,1278.0
JC051,633.0,631,1264.0
JC122,610.0,604,1214.0
JC120,622.0,591,1213.0
JC123,571.0,582,1153.0
JC119,554.0,583,1137.0
JC121,505.0,489,994.0
JC140,419.0,421,840.0
JC131,393.0,418,811.0
JC139,362.0,372,734.0
JC132,361.0,363,724.0
JC127,337.0,343,680.0
JC133,313.0,327,640.0
JC108,328.0,301,629.0
JC135,295.0,315,610.0
HB404,301.0,301,602.0
JC142,242.0,219,461.0
JC144,217.0,238,455.0
JC134,218.0,236,454.0
JC138,165.0,162,327.0
JC143,141.0,150,291.0
JC107,140.0,123,263.0
JC130,109.0,109,218.0
JC137,99.0,109,208.0
5297.02,0.0,129,129.0
5470.12,0.0,116,116.0
5368.03,0.0,48,48.0
6578.01,0.0,47,47.0
6765.01,0.0,44,44.0
5175.08,0.0,33,33.0
6432.09,0.0,33,33.0
6535.04,0.0,33,33.0
5679.08,0.0,32,32.0
6459.07,0.0,32,32.0
5470.10,0.0,30,30.0
6492.08,0.0,29,29.0
6233.04,0.0,25,25.0
5561.06,0.0,24,24.0
6157.04,0.0,19,19.0
5450.04,0.0,18,18.0
5137.11,0.0,15,15.0
6611.07,0.0,14,14.0
5610.09,0.0,13,13.0
5184.08,0.0,13,13.0
5256.06,0.0,13,13.0
5653.12,0.0,13,13.0
5696.03,0.0,11,11.0
5755.15,0.0,10,10.0
5105.01,0.0,9,9.0
6551.16,0.0,9,9.0
4993.02,0.0,9,9.0
5500.02,0.0,9,9.0
6617.09,0.0,8,8.0
5207.01,0.0,8,8.0
6526.01,0.0,8,8.0
6306.07,0.0,7,7.0
5145.02,0.0,7,7.0
5137.10,0.0,7,7.0
5329.08,0.0,7,7.0
5216.04,0.0,7,7.0
6450.05,0.0,7,7.0
6072.11,0.0,7,7.0
6650.07,0.0,6,6.0
6233.05,0.0,6,6.0
5001.08,0.0,6,6.0
6474.11,0.0,6,6.0
4614.04,0.0,6,6.0
6708.04,0.0,6,6.0
6740.10,0.0,6,6.0
6398.06,0.0,6,6.0
6115.09,0.0,6,6.0
5509.02,0.0,6,6.0
5539.06,0.0,6,6.0
5024.10,0.0,5,5.0
5391.06,0.0,5,5.0
5730.08,0.0,5,5.0
6280.13,0.0,5,5.0
5772.05,0.0,5,5.0
6215.04,0.0,5,5.0
5288.09,0.0,4,4.0
5359.12,0.0,4,4.0
5114.08,0.0,4,4.0
5578.02,0.0,4,4.0
5679.05,0.0,4,4.0
5561.04,0.0,4,4.0
6726.01,0.0,4,4.0
6756.05,0.0,4,4.0
6816.07,0.0,4,4.0
7052.01,0.0,4,4.0
6809.09,0.0,4,4.0
6306.01,0.0,4,4.0
8358.03,0.0,4,4.0
6740.01,0.0,4,4.0
6691.11,0.0,4,4.0
6551.02,0.0,4,4.0
6492.04,0.0,4,4.0
6535.05,0.0,4,4.0
4953.04,0.0,4,4.0
4846.01,0.0,4,4.0
6611.02,0.0,3,3.0
6617.02,0.0,3,3.0
6459.04,0.0,3,3.0
6432.08,0.0,3,3.0
6955.05,0.0,3,3.0
6779.05,0.0,3,3.0
6389.09,0.0,3,3.0
6364.07,0.0,3,3.0
7243.04,0.0,3,3.0
7116.04,0.0,3,3.0
5633.04,0.0,3,3.0
5687.11,0.0,3,3.0
5430.08,0.0,3,3.0
5558.04,0.0,3,3.0
5430.10,0.0,3,3.0
5359.10,0.0,3,3.0
5288.12,0.0,3,3.0
5288.08,0.0,3,3.0
8381.04,0.0,3,3.0
6140.05,0.0,3,3.0
5847.01,0.0,3,3.0
6072.16,0.0,3,3.0
6560.14,0.0,2,2.0
6602.03,0.0,2,2.0
4659.02,0.0,2,2.0
4446.05,0.0,2,2.0
6700.01,0.0,2,2.0
6644.04,0.0,2,2.0
6659.09,0.0,2,2.0
7997.08,0.0,2,2.0
6206.08,0.0,2,2.0
6215.07,0.0,2,2.0
6190.03,0.0,2,2.0
6190.08,0.0,2,2.0
5492.05,0.0,2,2.0
6115.06,0.0,2,2.0
5922.08,0.0,2,2.0
5980.10,0.0,2,2.0
6039.06,0.0,2,2.0
6072.06,0.0,2,2.0
6030.04,0.0,2,2.0
5964.01,0.0,2,2.0
7149.05,0.0,2,2.0
7175.05,0.0,2,2.0
6398.08,0.0,2,2.0
6854.05,0.0,2,2.0
6948.10,0.0,2,2.0
6926.01,0.0,2,2.0
6912.01,0.0,2,2.0
6364.10,0.0,2,2.0
6626.11,0.0,2,2.0
6331.01,0.0,2,2.0
6560.15,0.0,2,2.0
6593.15,0.0,2,2.0
6526.05,0.0,2,2.0
6498.10,0.0,2,2.0
4413.08,0.0,2,2.0
4446.01,0.0,2,2.0
5636.13,0.0,2,2.0
5687.04,0.0,2,2.0
5721.07,0.0,2,2.0
5470.13,0.0,2,2.0
5359.13,0.0,2,2.0
4962.01,0.0,2,2.0
5721.14,0.0,2,2.0
5303.08,0.0,2,2.0
5065.04,0.0,2,2.0
5065.12,0.0,2,2.0
4993.13,0.0,2,2.0
4993.15,0.0,2,2.0
4962.08,0.0,2,2.0
5238.05,0.0,2,2.0
5247.10,0.0,2,2.0
5114.06,0.0,2,2.0
5382.06,0.0,2,2.0
5379.09,0.0,2,2.0
5539.08,0.0,2,2.0
5411.07,0.0,2,2.0
7388.10,0.0,2,2.0
7207.08,0.0,2,2.0
7079.06,0.0,2,2.0
4437.01,0.0,1,1.0
4724.03,0.0,1,1.0
6584.12,0.0,1,1.0
4826.04,0.0,1,1.0
4889.06,0.0,1,1.0
6608.09,0.0,1,1.0
4371.01,0.0,1,1.0
4596.09,0.0,1,1.0
4488.10,0.0,1,1.0
6920.05,0.0,1,1.0
6876.04,0.0,1,1.0
6884.06,0.0,1,1.0
6890.06,0.0,1,1.0
6762.02,0.0,1,1.0
6450.12,0.0,1,1.0
6786.02,0.0,1,1.0
6830.04,0.0,1,1.0
6382.05,0.0,1,1.0
6676.02,0.0,1,1.0
6626.01,0.0,1,1.0
6659.03,0.0,1,1.0
6425.04,0.0,1,1.0
6373.07,0.0,1,1.0
6441.06,0.0,1,1.0
6602.05,0.0,1,1.0
6541.03,0.0,1,1.0
6517.08,0.0,1,1.0
4710.06,0.0,1,1.0
4692.01,0.0,1,1.0
6280.12,0.0,1,1.0
6239.08,0.0,1,1.0
6224.05,0.0,1,1.0
7059.01,0.0,1,1.0
7230.10,0.0,1,1.0
7188.13,0.0,1,1.0
7161.08,0.0,1,1.0
7023.04,0.0,1,1.0
7074.01,0.0,1,1.0
7123.04,0.0,1,1.0
7128.08,0.0,1,1.0
6986.07,0.0,1,1.0
5929.01,0.0,1,1.0
5922.04,0.0,1,1.0
5914.08,0.0,1,1.0
5914.03,0.0,1,1.0
5880.02,0.0,1,1.0
5905.14,0.0,1,1.0
5854.09,0.0,1,1.0
5847.09,0.0,1,1.0
6131.12,0.0,1,1.0
5805.05,0.0,1,1.0
5797.01,0.0,1,1.0
5788.12,0.0,1,1.0
6122.09,0.0,1,1.0
5763.03,0.0,1,1.0
6064.08,0.0,1,1.0
6098.10,0.0,1,1.0
8057.02,0.0,1,1.0
6306.06,0.0,1,1.0
6030.06,0.0,1,1.0
6297.07,0.0,1,1.0
6004.06,0.0,1,1.0
6022.04,0.0,1,1.0
7634.01,0.0,1,1.0
7524.09,0.0,1,1.0
7735.23,0.0,1,1.0
7692.11,0.0,1,1.0
7650.05,0.0,1,1.0
7643.18,0.0,1,1.0
7524.16,0.0,1,1.0
5520.09,0.0,1,1.0
5532.01,0.0,1,1.0
5644.05,0.0,1,1.0
5453.06,0.0,1,1.0
5453.01,0.0,1,1.0
5450.01,0.0,1,1.0
5445.07,0.0,1,1.0
5445.02,0.0,1,1.0
5422.09,0.0,1,1.0
5569.06,0.0,1,1.0
5414.06,0.0,1,1.0
5569.07,0.0,1,1.0
5593.02,0.0,1,1.0
5626.15,0.0,1,1.0
5616.01,0.0,1,1.0
5489.03,0.0,1,1.0
5746.02,0.0,1,1.0
5348.10,0.0,1,1.0
5340.01,0.0,1,1.0
5216.06,0.0,1,1.0
5204.05,0.0,1,1.0
5195.06,0.0,1,1.0
5156.05,0.0,1,1.0
5134.09,0.0,1,1.0
5374.01,0.0,1,1.0
5359.11,0.0,1,1.0
5351.07,0.0,1,1.0
5343.11,0.0,1,1.0
5262.09,0.0,1,1.0
4962.09,0.0,1,1.0
5065.10,0.0,1,1.0
5073.07,0.0,1,1.0
5073.08,0.0,1,1.0
4298.05,0.0,1,1.0
3300.04,0.0,1,1.0
