date,total_trips
2026-01-01,684
2026-01-02,1011
2026-01-03,1119
2026-01-04,1085
2026-01-05,1691
2026-01-06,1945
2026-01-07,2087
2026-01-08,2362
2026-01-09,2116
2026-01-10,1198
2026-01-11,1509
2026-01-12,1981
2026-01-13,2381
2026-01-14,2384
2026-01-15,2094
2026-01-16,1907
2026-01-17,921
2026-01-18,575
2026-01-19,945
2026-01-20,1318
2026-01-21,1586
2026-01-22,2003
2026-01-23,1865
2026-01-24,1042
2026-01-25,73
2026-01-26,122
2026-01-27,329
2026-01-28,445
2026-01-29,435
2026-01-30,419
2026-01-31,405
2026-02-01,322
2026-02-02,704
2026-02-03,820
2026-02-04,978
2026-02-05,1005
2026-02-06,973
2026-02-07,417
2026-02-08,350
2026-02-09,848
2026-02-10,1100
2026-02-11,1218
2026-02-12,1193
2026-02-13,1265
2026-02-14,1035
2026-02-15,976
2026-02-16,1005
2026-02-17,1483
2026-02-18,1305
2026-02-19,1663
2026-02-20,879
2026-02-21,1657
2026-02-22,423
2026-02-24,179
2026-02-25,429
2026-02-26,897
2026-02-27,1247
2026-02-28,1437
2026-03-01,1101
2026-03-02,1408
2026-03-03,1024
2026-03-04,1808
2026-03-05,854
2026-03-06,1730
2026-03-07,1675
2026-03-08,1922
2026-03-09,2823
2026-03-10,3042
2026-03-11,2944
2026-03-12,1370
2026-03-13,2149
2026-03-14,2031
2026-03-15,1427
2026-03-16,1195
2026-03-17,1927
2026-03-18,1950
2026-03-19,2081
2026-03-20,2186
2026-03-21,2652
2026-03-22,2017
2026-03-23,1488
2026-03-24,2260
2026-03-25,2517
2026-03-26,3070
2026-03-27,2464
2026-03-28,1786
2026-03-29,1855
2026-03-30,2488
2026-03-31,3118
2026-04-01,3049
2026-04-02,2226
2026-04-03,2727
2026-04-04,2435
2026-04-05,1105
2026-04-06,2293
2026-04-07,2496
2026-04-08,2427
2026-04-09,2484
2026-04-10,2915
2026-04-11,2928
2026-04-12,2283
2026-04-13,2911
2026-04-14,3421
2026-04-15,3596
2026-04-16,3829
2026-04-17,3678
2026-04-18,3399
2026-04-19,2406
2026-04-20,2499
2026-04-21,2609
2026-04-22,2701
2026-04-23,3432
2026-04-24,3271
2026-04-25,908
2026-04-26,2302
2026-04-27,3060
2026-04-28,3025
2026-04-29,2880
2026-04-30,2977
2026-05-01,3490
2026-05-02,2885
2026-05-03,2463
2026-05-04,3117
2026-05-05,3464
2026-05-06,2781
2026-05-07,3276
2026-05-08,3334
2026-05-09,2115
2026-05-10,2172
2026-05-11,2843
2026-05-12,3150
2026-05-13,3274
2026-05-14,3142
2026-05-15,3504
2026-05-16,3935
2026-05-17,3656
2026-05-18,3502
2026-05-19,3695
2026-05-20,3350
2026-05-21,2920
2026-05-22,3534
2026-05-23,1162
2026-05-24,856
2026-05-25,2331
2026-05-26,3484
2026-05-27,3677
2026-05-28,3682
2026-05-29,4038
2026-05-30,3170
2026-05-31,3339
2026-06-01,3239
2026-06-02,3631
2026-06-03,3936
2026-06-04,3919
2026-06-05,3997
2026-06-06,3579
2026-06-07,3580
2026-06-08,3823
2026-06-09,3801
2026-06-10,3978
2026-06-11,3864
2026-06-12,3878
2026-06-13,4152
2026-06-14,3630
2026-06-15,3532
2026-06-16,4122
2026-06-17,3865
2026-06-18,4118
2026-06-19,3997
2026-06-20,3365
2026-06-21,3076
2026-06-22,2208
2026-06-23,2781
2026-06-24,3992
2026-06-25,3969
2026-06-26,4013
2026-06-27,2886
2026-06-28,3439
2026-06-29,3654
2026-06-30,3864
