hour,member_casual,total_trips
0,casual,1958
0,member,2836
1,casual,1290
1,member,1498
2,casual,1098
2,member,1008
3,casual,714
3,member,541
4,casual,604
4,member,1177
5,casual,843
5,member,3836
6,casual,1750
6,member,10153
7,casual,3124
7,member,19648
8,casual,3797
8,member,25200
9,casual,3165
9,member,14939
10,casual,3548
10,member,13724
11,casual,4230
11,member,15050
12,casual,4646
12,member,16029
13,casual,5037
13,member,15736
14,casual,5709
14,member,15911
15,casual,6359
15,member,19235
16,casual,6987
16,member,23153
17,casual,8533
17,member,33156
18,casual,8144
18,member,30534
19,casual,6736
19,member,21243
20,casual,5170
20,member,14940
21,casual,3918
21,member,10603
22,casual,3239
22,member,7512
23,casual,2625
23,member,4822
