date,actual_demand,predicted_demand,prediction_error,absolute_error
2026-06-16,4122,3952.1022658727575,169.89773412724253,169.89773412724253
2026-06-17,3865,3950.2532445627376,-85.25324456273756,85.25324456273756
2026-06-18,4118,3922.5493120669785,195.45068793302153,195.45068793302153
2026-06-19,3997,4010.367807757825,-13.367807757825176,13.367807757825176
2026-06-20,3365,3777.81579125416,-412.8157912541601,412.8157912541601
2026-06-21,3076,3294.5359883191186,-218.5359883191186,218.5359883191186
2026-06-22,2208,2698.9829529375183,-490.98295293751835,490.98295293751835
2026-06-23,2781,2983.6343450071263,-202.63434500712629,202.63434500712629
2026-06-24,3992,3578.715899526643,413.28410047335683,413.28410047335683
2026-06-25,3969,4147.610631288191,-178.61063128819114,178.61063128819114
2026-06-26,4013,4110.828984352529,-97.828984352529,97.828984352529
2026-06-27,2886,3133.5954917379895,-247.5954917379895,247.5954917379895
2026-06-28,3439,3349.084001300124,89.91599869987613,89.91599869987613
2026-06-29,3654,3337.891067775824,316.108932224176,316.108932224176
2026-06-30,3864,3553.314440558441,310.6855594415588,310.6855594415588
