hour,total_actual_demand,total_predicted_demand,average_actual_demand,average_predicted_demand
0,758,1276.7887190103959,50.53333333333333,85.11924793402639
1,415,596.6587436912191,27.666666666666668,39.77724957941461
2,260,382.99969096520005,17.333333333333332,25.533312731013336
3,182,227.57195729870188,12.133333333333333,15.171463819913459
4,223,223.652535380398,14.866666666666667,14.910169025359867
5,587,527.5490075626227,39.13333333333333,35.16993383750818
6,1612,1441.1622860018451,107.46666666666667,96.07748573345634
7,2625,2648.058628579753,175.0,176.53724190531688
8,3422,3417.0882647058825,228.13333333333333,227.8058843137255
9,2261,2376.3132050106324,150.73333333333332,158.42088033404215
10,2222,2250.8859921446883,148.13333333333333,150.05906614297922
11,2661,2368.807235539165,177.4,157.92048236927766
12,2914,2855.6205296087455,194.26666666666668,190.37470197391636
13,2688,2838.4507045761256,179.2,189.2300469717417
14,2819,2885.1093150586757,187.93333333333334,192.3406210039117
15,2835,3064.9908745005,189.0,204.3327249667
16,3446,3313.658504950116,229.73333333333332,220.9105669966744
17,4868,4594.49356458819,324.53333333333336,306.29957097254595
18,4603,4560.514810425686,306.8666666666667,304.0343206950457
19,3754,3612.2521329365086,250.26666666666668,240.8168088624339
20,3061,2931.096619755245,204.06666666666666,195.40644131701632
21,2328,2333.6622032958444,155.2,155.57748021972296
22,1705,1766.7261884920633,113.66666666666667,117.78174589947089
23,1100,1307.1705102397602,73.33333333333333,87.14470068265068
