datetime,date,hour,day_of_week,month,total_trips,predicted_demand,model_name,error,absolute_error
2026-06-16 00:00:00,2026-06-16,0,1,6,37,41.39283938359243,Gradient Boosting,-4.392839383592431,4.392839383592431
2026-06-16 01:00:00,2026-06-16,1,1,6,10,-8.650584943624782,Gradient Boosting,18.650584943624782,18.650584943624782
2026-06-16 02:00:00,2026-06-16,2,1,6,5,-19.328034593720226,Gradient Boosting,24.328034593720226,24.328034593720226
2026-06-16 03:00:00,2026-06-16,3,1,6,2,-21.95392520193218,Gradient Boosting,23.95392520193218,23.95392520193218
2026-06-16 04:00:00,2026-06-16,4,1,6,17,-15.174906574875966,Gradient Boosting,32.17490657487596,32.17490657487596
2026-06-16 05:00:00,2026-06-16,5,1,6,60,13.298911154258358,Gradient Boosting,46.701088845741644,46.701088845741644
2026-06-16 06:00:00,2026-06-16,6,1,6,155,117.36621624754761,Gradient Boosting,37.63378375245239,37.63378375245239
2026-06-16 07:00:00,2026-06-16,7,1,6,268,208.50156032150747,Gradient Boosting,59.49843967849253,59.49843967849253
2026-06-16 08:00:00,2026-06-16,8,1,6,301,247.05964089722826,Gradient Boosting,53.94035910277174,53.94035910277174
2026-06-16 09:00:00,2026-06-16,9,1,6,173,105.01446316586978,Gradient Boosting,67.98553683413022,67.98553683413022
2026-06-16 10:00:00,2026-06-16,10,1,6,153,100.46152069624341,Gradient Boosting,52.53847930375659,52.53847930375659
2026-06-16 11:00:00,2026-06-16,11,1,6,136,91.03330776160571,Gradient Boosting,44.96669223839429,44.96669223839429
2026-06-16 12:00:00,2026-06-16,12,1,6,214,95.9832701993588,Gradient Boosting,118.0167298006412,118.0167298006412
2026-06-16 13:00:00,2026-06-16,13,1,6,147,157.56184304514386,Gradient Boosting,-10.56184304514386,10.56184304514386
2026-06-16 14:00:00,2026-06-16,14,1,6,169,113.77658382099672,Gradient Boosting,55.22341617900328,55.22341617900328
2026-06-16 15:00:00,2026-06-16,15,1,6,203,175.3471884031767,Gradient Boosting,27.652811596823312,27.652811596823312
2026-06-16 16:00:00,2026-06-16,16,1,6,258,234.11437691056247,Gradient Boosting,23.88562308943753,23.88562308943753
2026-06-16 17:00:00,2026-06-16,17,1,6,464,378.26140615412083,Gradient Boosting,85.73859384587917,85.73859384587917
2026-06-16 18:00:00,2026-06-16,18,1,6,429,399.13099678132994,Gradient Boosting,29.86900321867006,29.86900321867006
2026-06-16 19:00:00,2026-06-16,19,1,6,363,239.6942290680744,Gradient Boosting,123.3057709319256,123.3057709319256
2026-06-16 20:00:00,2026-06-16,20,1,6,258,140.0596881848213,Gradient Boosting,117.94031181517869,117.94031181517869
2026-06-16 21:00:00,2026-06-16,21,1,6,144,121.72460352214692,Gradient Boosting,22.27539647785308,22.27539647785308
2026-06-16 22:00:00,2026-06-16,22,1,6,100,65.37905098623646,Gradient Boosting,34.620949013763536,34.620949013763536
2026-06-16 23:00:00,2026-06-16,23,1,6,56,32.754250368643355,Gradient Boosting,23.245749631356645,23.245749631356645
2026-06-17 00:00:00,2026-06-17,0,2,6,28,3.2478834946819144,Gradient Boosting,24.752116505318085,24.752116505318085
2026-06-17 01:00:00,2026-06-17,1,2,6,23,-12.956573506847782,Gradient Boosting,35.95657350684778,35.95657350684778
2026-06-17 02:00:00,2026-06-17,2,2,6,7,-17.57329095207459,Gradient Boosting,24.57329095207459,24.57329095207459
2026-06-17 03:00:00,2026-06-17,3,2,6,3,-21.0222801198176,Gradient Boosting,24.0222801198176,24.0222801198176
2026-06-17 04:00:00,2026-06-17,4,2,6,14,-10.606033280872603,Gradient Boosting,24.6060332808726,24.6060332808726
2026-06-17 05:00:00,2026-06-17,5,2,6,54,12.593692606278605,Gradient Boosting,41.40630739372139,41.40630739372139
2026-06-17 06:00:00,2026-06-17,6,2,6,174,102.95743124714855,Gradient Boosting,71.04256875285145,71.04256875285145
2026-06-17 07:00:00,2026-06-17,7,2,6,254,185.2483274645432,Gradient Boosting,68.7516725354568,68.7516725354568
2026-06-17 08:00:00,2026-06-17,8,2,6,358,248.13038565881257,Gradient Boosting,109.86961434118743,109.86961434118743
2026-06-17 09:00:00,2026-06-17,9,2,6,157,135.24510817139623,Gradient Boosting,21.754891828603775,21.754891828603775
2026-06-17 10:00:00,2026-06-17,10,2,6,132,109.47473903411877,Gradient Boosting,22.52526096588123,22.52526096588123
2026-06-17 11:00:00,2026-06-17,11,2,6,132,95.64986554728951,Gradient Boosting,36.35013445271049,36.35013445271049
2026-06-17 12:00:00,2026-06-17,12,2,6,159,125.90433471275337,Gradient Boosting,33.09566528724663,33.09566528724663
2026-06-17 13:00:00,2026-06-17,13,2,6,141,116.11330172832862,Gradient Boosting,24.886698271671378,24.886698271671378
2026-06-17 14:00:00,2026-06-17,14,2,6,127,113.4766393926054,Gradient Boosting,13.523360607394594,13.523360607394594
2026-06-17 15:00:00,2026-06-17,15,2,6,200,154.1525080218196,Gradient Boosting,45.847491978180386,45.847491978180386
2026-06-17 16:00:00,2026-06-17,16,2,6,254,205.9012683236616,Gradient Boosting,48.09873167633839,48.09873167633839
2026-06-17 17:00:00,2026-06-17,17,2,6,403,374.9684435388771,Gradient Boosting,28.031556461122875,28.031556461122875
2026-06-17 18:00:00,2026-06-17,18,2,6,417,374.24373078006516,Gradient Boosting,42.756269219934836,42.756269219934836
2026-06-17 19:00:00,2026-06-17,19,2,6,293,275.14767045360946,Gradient Boosting,17.852329546390536,17.852329546390536
2026-06-17 20:00:00,2026-06-17,20,2,6,207,145.7319624195251,Gradient Boosting,61.268037580474896,61.268037580474896
2026-06-17 21:00:00,2026-06-17,21,2,6,173,116.07297942635029,Gradient Boosting,56.92702057364971,56.92702057364971
2026-06-17 22:00:00,2026-06-17,22,2,6,102,79.68865326044578,Gradient Boosting,22.311346739554224,22.311346739554224
2026-06-17 23:00:00,2026-06-17,23,2,6,53,44.12690896936475,Gradient Boosting,8.873091030635251,8.873091030635251
2026-06-18 00:00:00,2026-06-18,0,3,6,37,45.76068648986741,Gradient Boosting,-8.76068648986741,8.76068648986741
2026-06-18 01:00:00,2026-06-18,1,3,6,13,-2.4212746827149845,Gradient Boosting,15.421274682714984,15.421274682714984
2026-06-18 02:00:00,2026-06-18,2,3,6,7,-12.361197051328624,Gradient Boosting,19.361197051328624,19.361197051328624
2026-06-18 03:00:00,2026-06-18,3,3,6,5,-19.86400776911763,Gradient Boosting,24.86400776911763,24.86400776911763
2026-06-18 04:00:00,2026-06-18,4,3,6,19,-11.79479069274575,Gradient Boosting,30.79479069274575,30.79479069274575
2026-06-18 05:00:00,2026-06-18,5,3,6,72,14.525119029574173,Gradient Boosting,57.47488097042583,57.47488097042583
2026-06-18 06:00:00,2026-06-18,6,3,6,187,131.55652775410192,Gradient Boosting,55.44347224589808,55.44347224589808
2026-06-18 07:00:00,2026-06-18,7,3,6,236,210.00403173556393,Gradient Boosting,25.995968264436073,25.995968264436073
2026-06-18 08:00:00,2026-06-18,8,3,6,312,314.6392686846381,Gradient Boosting,-2.6392686846381253,2.6392686846381253
2026-06-18 09:00:00,2026-06-18,9,3,6,168,117.04215422007506,Gradient Boosting,50.95784577992494,50.95784577992494
2026-06-18 10:00:00,2026-06-18,10,3,6,109,104.67930398807152,Gradient Boosting,4.320696011928476,4.320696011928476
2026-06-18 11:00:00,2026-06-18,11,3,6,153,86.23431205982054,Gradient Boosting,66.76568794017946,66.76568794017946
2026-06-18 12:00:00,2026-06-18,12,3,6,214,116.65702812136799,Gradient Boosting,97.34297187863201,97.34297187863201
2026-06-18 13:00:00,2026-06-18,13,3,6,198,158.95553612984494,Gradient Boosting,39.044463870155056,39.044463870155056
2026-06-18 14:00:00,2026-06-18,14,3,6,189,138.79136825975775,Gradient Boosting,50.208631740242254,50.208631740242254
2026-06-18 15:00:00,2026-06-18,15,3,6,227,176.15689019968374,Gradient Boosting,50.843109800316256,50.843109800316256
2026-06-18 16:00:00,2026-06-18,16,3,6,283,218.23913684119034,Gradient Boosting,64.76086315880966,64.76086315880966
2026-06-18 17:00:00,2026-06-18,17,3,6,432,374.968828213777,Gradient Boosting,57.03117178622301,57.03117178622301
2026-06-18 18:00:00,2026-06-18,18,3,6,367,375.90547203574306,Gradient Boosting,-8.90547203574306,8.90547203574306
2026-06-18 19:00:00,2026-06-18,19,3,6,237,168.02244868524951,Gradient Boosting,68.97755131475049,68.97755131475049
2026-06-18 20:00:00,2026-06-18,20,3,6,231,150.09488643415872,Gradient Boosting,80.90511356584128,80.90511356584128
2026-06-18 21:00:00,2026-06-18,21,3,6,195,127.95264747485236,Gradient Boosting,67.04735252514764,67.04735252514764
2026-06-18 22:00:00,2026-06-18,22,3,6,128,93.40263707272321,Gradient Boosting,34.59736292727679,34.59736292727679
2026-06-18 23:00:00,2026-06-18,23,3,6,99,57.338308623789445,Gradient Boosting,41.661691376210555,41.661691376210555
2026-06-19 00:00:00,2026-06-19,0,4,6,60,29.217464246500093,Gradient Boosting,30.782535753499907,30.782535753499907
2026-06-19 01:00:00,2026-06-19,1,4,6,27,4.7218634897834075,Gradient Boosting,22.27813651021659,22.27813651021659
2026-06-19 02:00:00,2026-06-19,2,4,6,24,-11.645781873534414,Gradient Boosting,35.64578187353442,35.64578187353442
2026-06-19 03:00:00,2026-06-19,3,4,6,10,-15.944330884207346,Gradient Boosting,25.944330884207346,25.944330884207346
2026-06-19 04:00:00,2026-06-19,4,4,6,14,-12.125616380918286,Gradient Boosting,26.125616380918288,26.125616380918288
2026-06-19 05:00:00,2026-06-19,5,4,6,25,2.3072755305216814,Gradient Boosting,22.692724469478318,22.692724469478318
2026-06-19 06:00:00,2026-06-19,6,4,6,70,55.042835016690056,Gradient Boosting,14.957164983309944,14.957164983309944
2026-06-19 07:00:00,2026-06-19,7,4,6,116,125.78700254031159,Gradient Boosting,-9.78700254031159,9.78700254031159
2026-06-19 08:00:00,2026-06-19,8,4,6,156,137.93681233606628,Gradient Boosting,18.063187663933718,18.063187663933718
2026-06-19 09:00:00,2026-06-19,9,4,6,167,105.21146545803055,Gradient Boosting,61.788534541969454,61.788534541969454
2026-06-19 10:00:00,2026-06-19,10,4,6,192,122.02311356681786,Gradient Boosting,69.97688643318214,69.97688643318214
2026-06-19 11:00:00,2026-06-19,11,4,6,258,149.60295809116616,Gradient Boosting,108.39704190883384,108.39704190883384
2026-06-19 12:00:00,2026-06-19,12,4,6,271,174.90863703186054,Gradient Boosting,96.09136296813946,96.09136296813946
2026-06-19 13:00:00,2026-06-19,13,4,6,300,198.19866383895166,Gradient Boosting,101.80133616104834,101.80133616104834
2026-06-19 14:00:00,2026-06-19,14,4,6,393,197.88066254843093,Gradient Boosting,195.11933745156907,195.11933745156907
2026-06-19 15:00:00,2026-06-19,15,4,6,254,221.115078352629,Gradient Boosting,32.88492164737099,32.88492164737099
2026-06-19 16:00:00,2026-06-19,16,4,6,230,253.10533100765005,Gradient Boosting,-23.10533100765005,23.10533100765005
2026-06-19 17:00:00,2026-06-19,17,4,6,370,323.6098667657027,Gradient Boosting,46.39013323429731,46.39013323429731
2026-06-19 18:00:00,2026-06-19,18,4,6,226,266.21513439073544,Gradient Boosting,-40.21513439073544,40.21513439073544
2026-06-19 19:00:00,2026-06-19,19,4,6,216,127.96295371875713,Gradient Boosting,88.03704628124287,88.03704628124287
2026-06-19 20:00:00,2026-06-19,20,4,6,205,126.7702189685303,Gradient Boosting,78.2297810314697,78.2297810314697
2026-06-19 21:00:00,2026-06-19,21,4,6,150,125.31922645107366,Gradient Boosting,24.68077354892634,24.68077354892634
2026-06-19 22:00:00,2026-06-19,22,4,6,156,74.91571084706588,Gradient Boosting,81.08428915293412,81.08428915293412
2026-06-19 23:00:00,2026-06-19,23,4,6,107,94.95459005775383,Gradient Boosting,12.045409942246167,12.045409942246167
2026-06-20 00:00:00,2026-06-20,0,5,6,83,98.935857527631,Gradient Boosting,-15.935857527631,15.935857527631
2026-06-20 01:00:00,2026-06-20,1,5,6,41,29.073254627272245,Gradient Boosting,11.926745372727755,11.926745372727755
2026-06-20 02:00:00,2026-06-20,2,5,6,47,13.913575053113519,Gradient Boosting,33.08642494688648,33.08642494688648
2026-06-20 03:00:00,2026-06-20,3,5,6,29,0.13751813184444422,Gradient Boosting,28.862481868155555,28.862481868155555
2026-06-20 04:00:00,2026-06-20,4,5,6,14,-8.04627346990774,Gradient Boosting,22.04627346990774,22.04627346990774
2026-06-20 05:00:00,2026-06-20,5,5,6,21,-7.513035461026746,Gradient Boosting,28.513035461026746,28.513035461026746
2026-06-20 06:00:00,2026-06-20,6,5,6,53,9.798723849833548,Gradient Boosting,43.20127615016645,43.20127615016645
2026-06-20 07:00:00,2026-06-20,7,5,6,59,79.46664198764519,Gradient Boosting,-20.46664198764519,20.46664198764519
2026-06-20 08:00:00,2026-06-20,8,5,6,118,73.10750508621193,Gradient Boosting,44.89249491378807,44.89249491378807
2026-06-20 09:00:00,2026-06-20,9,5,6,157,107.89710500974103,Gradient Boosting,49.102894990258974,49.102894990258974
2026-06-20 10:00:00,2026-06-20,10,5,6,195,128.09476586215848,Gradient Boosting,66.90523413784152,66.90523413784152
2026-06-20 11:00:00,2026-06-20,11,5,6,259,148.42572613720694,Gradient Boosting,110.57427386279306,110.57427386279306
2026-06-20 12:00:00,2026-06-20,12,5,6,246,226.34680465041282,Gradient Boosting,19.65319534958718,19.65319534958718
2026-06-20 13:00:00,2026-06-20,13,5,6,186,225.40189499009034,Gradient Boosting,-39.40189499009034,39.40189499009034
2026-06-20 14:00:00,2026-06-20,14,5,6,247,225.4796546833496,Gradient Boosting,21.520345316650406,21.520345316650406
2026-06-20 15:00:00,2026-06-20,15,5,6,237,227.7626032855637,Gradient Boosting,9.2373967144363,9.2373967144363
2026-06-20 16:00:00,2026-06-20,16,5,6,205,222.83101053230993,Gradient Boosting,-17.831010532309932,17.831010532309932
2026-06-20 17:00:00,2026-06-20,17,5,6,233,244.20184903981306,Gradient Boosting,-11.201849039813055,11.201849039813055
2026-06-20 18:00:00,2026-06-20,18,5,6,224,188.13417968804504,Gradient Boosting,35.86582031195496,35.86582031195496
2026-06-20 19:00:00,2026-06-20,19,5,6,190,128.91259450881554,Gradient Boosting,61.087405491184455,61.087405491184455
2026-06-20 20:00:00,2026-06-20,20,5,6,161,122.77451936232987,Gradient Boosting,38.22548063767013,38.22548063767013
2026-06-20 21:00:00,2026-06-20,21,5,6,148,91.98049956795813,Gradient Boosting,56.019500432041866,56.019500432041866
2026-06-20 22:00:00,2026-06-20,22,5,6,121,69.83637280173852,Gradient Boosting,51.16362719826148,51.16362719826148
2026-06-20 23:00:00,2026-06-20,23,5,6,91,53.29746297391085,Gradient Boosting,37.70253702608915,37.70253702608915
2026-06-21 00:00:00,2026-06-21,0,6,6,76,134.00505596452052,Gradient Boosting,-58.00505596452052,58.00505596452052
2026-06-21 01:00:00,2026-06-21,1,6,6,63,112.52232091412367,Gradient Boosting,-49.52232091412367,49.52232091412367
2026-06-21 02:00:00,2026-06-21,2,6,6,28,88.82582710429693,Gradient Boosting,-60.825827104296934,60.825827104296934
2026-06-21 03:00:00,2026-06-21,3,6,6,28,13.819481121679583,Gradient Boosting,14.180518878320417,14.180518878320417
2026-06-21 04:00:00,2026-06-21,4,6,6,17,-1.9871543764955353,Gradient Boosting,18.987154376495536,18.987154376495536
2026-06-21 05:00:00,2026-06-21,5,6,6,17,6.0150172540986695,Gradient Boosting,10.98498274590133,10.98498274590133
2026-06-21 06:00:00,2026-06-21,6,6,6,30,15.927650314972121,Gradient Boosting,14.072349685027879,14.072349685027879
2026-06-21 07:00:00,2026-06-21,7,6,6,60,42.09768942855648,Gradient Boosting,17.902310571443522,17.902310571443522
2026-06-21 08:00:00,2026-06-21,8,6,6,82,72.32415312440342,Gradient Boosting,9.675846875596577,9.675846875596577
2026-06-21 09:00:00,2026-06-21,9,6,6,138,86.91499907365694,Gradient Boosting,51.08500092634306,51.08500092634306
2026-06-21 10:00:00,2026-06-21,10,6,6,198,121.38507257177835,Gradient Boosting,76.61492742822165,76.61492742822165
2026-06-21 11:00:00,2026-06-21,11,6,6,255,143.74836691917878,Gradient Boosting,111.25163308082122,111.25163308082122
2026-06-21 12:00:00,2026-06-21,12,6,6,217,224.02052874363113,Gradient Boosting,-7.020528743631132,7.020528743631132
2026-06-21 13:00:00,2026-06-21,13,6,6,182,164.29549035091358,Gradient Boosting,17.704509649086418,17.704509649086418
2026-06-21 14:00:00,2026-06-21,14,6,6,210,159.1951165446052,Gradient Boosting,50.80488345539479,50.80488345539479
2026-06-21 15:00:00,2026-06-21,15,6,6,218,169.7713069142036,Gradient Boosting,48.22869308579641,48.22869308579641
2026-06-21 16:00:00,2026-06-21,16,6,6,213,169.6707682493077,Gradient Boosting,43.32923175069229,43.32923175069229
2026-06-21 17:00:00,2026-06-21,17,6,6,233,182.53271209169694,Gradient Boosting,50.467287908303064,50.467287908303064
2026-06-21 18:00:00,2026-06-21,18,6,6,214,179.60873917865464,Gradient Boosting,34.391260821345355,34.391260821345355
2026-06-21 19:00:00,2026-06-21,19,6,6,192,122.53590644462086,Gradient Boosting,69.46409355537914,69.46409355537914
2026-06-21 20:00:00,2026-06-21,20,6,6,167,124.57038013432337,Gradient Boosting,42.42961986567663,42.42961986567663
2026-06-21 21:00:00,2026-06-21,21,6,6,106,73.33704219009032,Gradient Boosting,32.662957809909685,32.662957809909685
2026-06-21 22:00:00,2026-06-21,22,6,6,83,40.4145990526191,Gradient Boosting,42.5854009473809,42.5854009473809
2026-06-21 23:00:00,2026-06-21,23,6,6,49,22.09876611606286,Gradient Boosting,26.90123388393714,26.90123388393714
2026-06-22 00:00:00,2026-06-22,0,0,6,27,12.205874825171422,Gradient Boosting,14.794125174828578,14.794125174828578
2026-06-22 01:00:00,2026-06-22,1,0,6,21,14.211617721479168,Gradient Boosting,6.788382278520832,6.788382278520832
2026-06-22 02:00:00,2026-06-22,2,0,6,10,-15.982527942836706,Gradient Boosting,25.982527942836704,25.982527942836704
2026-06-22 03:00:00,2026-06-22,3,0,6,14,-22.475191175265287,Gradient Boosting,36.47519117526529,36.47519117526529
2026-06-22 04:00:00,2026-06-22,4,0,6,18,-12.379419745765007,Gradient Boosting,30.379419745765006,30.379419745765006
2026-06-22 05:00:00,2026-06-22,5,0,6,44,9.791557120982121,Gradient Boosting,34.20844287901788,34.20844287901788
2026-06-22 06:00:00,2026-06-22,6,0,6,119,86.85427233718922,Gradient Boosting,32.145727662810785,32.145727662810785
2026-06-22 07:00:00,2026-06-22,7,0,6,205,182.04718642835513,Gradient Boosting,22.952813571644867,22.952813571644867
2026-06-22 08:00:00,2026-06-22,8,0,6,232,201.42083167030088,Gradient Boosting,30.579168329699115,30.579168329699115
2026-06-22 09:00:00,2026-06-22,9,0,6,111,94.63575730515637,Gradient Boosting,16.364242694843625,16.364242694843625
2026-06-22 10:00:00,2026-06-22,10,0,6,106,92.30927098926045,Gradient Boosting,13.690729010739545,13.690729010739545
2026-06-22 11:00:00,2026-06-22,11,0,6,125,92.41065954056691,Gradient Boosting,32.58934045943309,32.58934045943309
2026-06-22 12:00:00,2026-06-22,12,0,6,146,126.498943545354,Gradient Boosting,19.501056454646005,19.501056454646005
2026-06-22 13:00:00,2026-06-22,13,0,6,136,126.03471947135282,Gradient Boosting,9.965280528647185,9.965280528647185
2026-06-22 14:00:00,2026-06-22,14,0,6,128,125.26136074511068,Gradient Boosting,2.7386392548893213,2.7386392548893213
2026-06-22 15:00:00,2026-06-22,15,0,6,106,152.68160549585738,Gradient Boosting,-46.68160549585738,46.68160549585738
2026-06-22 16:00:00,2026-06-22,16,0,6,59,94.32425031635138,Gradient Boosting,-35.32425031635138,35.32425031635138
2026-06-22 17:00:00,2026-06-22,17,0,6,146,57.676858806639565,Gradient Boosting,88.32314119336044,88.32314119336044
2026-06-22 18:00:00,2026-06-22,18,0,6,128,182.04233843048945,Gradient Boosting,-54.04233843048945,54.04233843048945
2026-06-22 19:00:00,2026-06-22,19,0,6,109,113.92960737101922,Gradient Boosting,-4.929607371019216,4.929607371019216
2026-06-22 20:00:00,2026-06-22,20,0,6,93,55.378218833615655,Gradient Boosting,37.621781166384345,37.621781166384345
2026-06-22 21:00:00,2026-06-22,21,0,6,64,72.2928170037085,Gradient Boosting,-8.292817003708507,8.292817003708507
2026-06-22 22:00:00,2026-06-22,22,0,6,28,58.24920232368169,Gradient Boosting,-30.249202323681693,30.249202323681693
2026-06-22 23:00:00,2026-06-22,23,0,6,33,27.233449685765837,Gradient Boosting,5.766550314234163,5.766550314234163
2026-06-23 00:00:00,2026-06-23,0,1,6,14,29.107770124110832,Gradient Boosting,-15.107770124110832,15.107770124110832
2026-06-23 01:00:00,2026-06-23,1,1,6,7,8.049756909820472,Gradient Boosting,-1.0497569098204718,1.0497569098204718
2026-06-23 02:00:00,2026-06-23,2,1,6,2,4.229663722540674,Gradient Boosting,-2.229663722540674,2.229663722540674
2026-06-23 03:00:00,2026-06-23,3,1,6,9,4.496036929570269,Gradient Boosting,4.503963070429731,4.503963070429731
2026-06-23 04:00:00,2026-06-23,4,1,6,16,13.27201267538222,Gradient Boosting,2.7279873246177804,2.7279873246177804
2026-06-23 05:00:00,2026-06-23,5,1,6,38,42.266084230470234,Gradient Boosting,-4.266084230470234,4.266084230470234
2026-06-23 06:00:00,2026-06-23,6,1,6,130,107.99957575374079,Gradient Boosting,22.000424246259215,22.000424246259215
2026-06-23 07:00:00,2026-06-23,7,1,6,197,237.4284263074549,Gradient Boosting,-40.42842630745491,40.42842630745491
2026-06-23 08:00:00,2026-06-23,8,1,6,238,225.7320790923925,Gradient Boosting,12.267920907607504,12.267920907607504
2026-06-23 09:00:00,2026-06-23,9,1,6,104,128.07833416220566,Gradient Boosting,-24.078334162205664,24.078334162205664
2026-06-23 10:00:00,2026-06-23,10,1,6,95,107.53301310823765,Gradient Boosting,-12.533013108237654,12.533013108237654
2026-06-23 11:00:00,2026-06-23,11,1,6,96,108.16028575159135,Gradient Boosting,-12.160285751591346,12.160285751591346
2026-06-23 12:00:00,2026-06-23,12,1,6,108,102.55866297990185,Gradient Boosting,5.441337020098146,5.441337020098146
2026-06-23 13:00:00,2026-06-23,13,1,6,100,121.83692675084454,Gradient Boosting,-21.83692675084454,21.83692675084454
2026-06-23 14:00:00,2026-06-23,14,1,6,99,109.77394564107229,Gradient Boosting,-10.773945641072288,10.773945641072288
2026-06-23 15:00:00,2026-06-23,15,1,6,141,120.25553449311346,Gradient Boosting,20.74446550688654,20.74446550688654
2026-06-23 16:00:00,2026-06-23,16,1,6,213,186.49644205167777,Gradient Boosting,26.503557948322225,26.503557948322225
2026-06-23 17:00:00,2026-06-23,17,1,6,189,302.73300514935994,Gradient Boosting,-113.73300514935994,113.73300514935994
2026-06-23 18:00:00,2026-06-23,18,1,6,260,254.331794610334,Gradient Boosting,5.668205389666014,5.668205389666014
2026-06-23 19:00:00,2026-06-23,19,1,6,235,239.9614968298375,Gradient Boosting,-4.9614968298375,4.9614968298375
2026-06-23 20:00:00,2026-06-23,20,1,6,204,176.26583313975962,Gradient Boosting,27.73416686024038,27.73416686024038
2026-06-23 21:00:00,2026-06-23,21,1,6,145,121.15217908714823,Gradient Boosting,23.847820912851773,23.847820912851773
2026-06-23 22:00:00,2026-06-23,22,1,6,99,100.17858890412715,Gradient Boosting,-1.1785889041271531,1.1785889041271531
2026-06-23 23:00:00,2026-06-23,23,1,6,42,53.144592792435176,Gradient Boosting,-11.144592792435176,11.144592792435176
2026-06-24 00:00:00,2026-06-24,0,2,6,30,18.806589966886776,Gradient Boosting,11.193410033113224,11.193410033113224
2026-06-24 01:00:00,2026-06-24,1,2,6,11,17.38318199653019,Gradient Boosting,-6.38318199653019,6.38318199653019
2026-06-24 02:00:00,2026-06-24,2,2,6,10,5.829782480492541,Gradient Boosting,4.170217519507459,4.170217519507459
2026-06-24 03:00:00,2026-06-24,3,2,6,2,5.978251718742199,Gradient Boosting,-3.9782517187421993,3.9782517187421993
2026-06-24 04:00:00,2026-06-24,4,2,6,11,11.566406720489779,Gradient Boosting,-0.5664067204897787,0.5664067204897787
2026-06-24 05:00:00,2026-06-24,5,2,6,52,37.892729051519105,Gradient Boosting,14.107270948480895,14.107270948480895
2026-06-24 06:00:00,2026-06-24,6,2,6,130,130.98766050893983,Gradient Boosting,-0.9876605089398254,0.9876605089398254
2026-06-24 07:00:00,2026-06-24,7,2,6,247,231.76873832458597,Gradient Boosting,15.231261675414032,15.231261675414032
2026-06-24 08:00:00,2026-06-24,8,2,6,311,300.09673184092065,Gradient Boosting,10.903268159079346,10.903268159079346
2026-06-24 09:00:00,2026-06-24,9,2,6,144,137.10309219207153,Gradient Boosting,6.896907807928471,6.896907807928471
2026-06-24 10:00:00,2026-06-24,10,2,6,121,125.01746849461529,Gradient Boosting,-4.0174684946152865,4.0174684946152865
2026-06-24 11:00:00,2026-06-24,11,2,6,142,124.13200868983402,Gradient Boosting,17.867991310165976,17.867991310165976
2026-06-24 12:00:00,2026-06-24,12,2,6,195,146.9829336633517,Gradient Boosting,48.0170663366483,48.0170663366483
2026-06-24 13:00:00,2026-06-24,13,2,6,160,148.972604983957,Gradient Boosting,11.027395016042988,11.027395016042988
2026-06-24 14:00:00,2026-06-24,14,2,6,136,143.4974391247606,Gradient Boosting,-7.497439124760604,7.497439124760604
2026-06-24 15:00:00,2026-06-24,15,2,6,169,182.97224656376136,Gradient Boosting,-13.97224656376136,13.97224656376136
2026-06-24 16:00:00,2026-06-24,16,2,6,265,233.6861940004809,Gradient Boosting,31.313805999519104,31.313805999519104
2026-06-24 17:00:00,2026-06-24,17,2,6,438,344.76494771883364,Gradient Boosting,93.23505228116636,93.23505228116636
2026-06-24 18:00:00,2026-06-24,18,2,6,413,336.1542779012211,Gradient Boosting,76.84572209877888,76.84572209877888
2026-06-24 19:00:00,2026-06-24,19,2,6,323,279.0114549353319,Gradient Boosting,43.988545064668074,43.988545064668074
2026-06-24 20:00:00,2026-06-24,20,2,6,226,241.510730340321,Gradient Boosting,-15.510730340321004,15.510730340321004
2026-06-24 21:00:00,2026-06-24,21,2,6,209,170.66983710900573,Gradient Boosting,38.33016289099427,38.33016289099427
2026-06-24 22:00:00,2026-06-24,22,2,6,173,135.96128918234854,Gradient Boosting,37.03871081765146,37.03871081765146
2026-06-24 23:00:00,2026-06-24,23,2,6,74,109.54543507176493,Gradient Boosting,-35.54543507176493,35.54543507176493
2026-06-25 00:00:00,2026-06-25,0,3,6,37,55.200415937938246,Gradient Boosting,-18.200415937938246,18.200415937938246
2026-06-25 01:00:00,2026-06-25,1,3,6,13,21.943293119678557,Gradient Boosting,-8.943293119678557,8.943293119678557
2026-06-25 02:00:00,2026-06-25,2,3,6,11,7.519140551269953,Gradient Boosting,3.4808594487300466,3.4808594487300466
2026-06-25 03:00:00,2026-06-25,3,3,6,8,6.571024667999189,Gradient Boosting,1.4289753320008112,1.4289753320008112
2026-06-25 04:00:00,2026-06-25,4,3,6,18,14.653342676860875,Gradient Boosting,3.346657323139125,3.346657323139125
2026-06-25 05:00:00,2026-06-25,5,3,6,46,47.25103759315363,Gradient Boosting,-1.251037593153633,1.251037593153633
2026-06-25 06:00:00,2026-06-25,6,3,6,131,129.71949038244577,Gradient Boosting,1.2805096175542303,1.2805096175542303
2026-06-25 07:00:00,2026-06-25,7,3,6,236,263.75558131851085,Gradient Boosting,-27.75558131851085,27.75558131851085
2026-06-25 08:00:00,2026-06-25,8,3,6,259,306.4304483820327,Gradient Boosting,-47.430448382032694,47.430448382032694
2026-06-25 09:00:00,2026-06-25,9,3,6,164,159.49364364105844,Gradient Boosting,4.506356358941559,4.506356358941559
2026-06-25 10:00:00,2026-06-25,10,3,6,126,137.46854339284522,Gradient Boosting,-11.46854339284522,11.46854339284522
2026-06-25 11:00:00,2026-06-25,11,3,6,163,151.0437595430268,Gradient Boosting,11.956240456973205,11.956240456973205
2026-06-25 12:00:00,2026-06-25,12,3,6,171,200.62578651092707,Gradient Boosting,-29.62578651092707,29.62578651092707
2026-06-25 13:00:00,2026-06-25,13,3,6,195,194.76503651640814,Gradient Boosting,0.23496348359185504,0.23496348359185504
2026-06-25 14:00:00,2026-06-25,14,3,6,179,211.28610733380404,Gradient Boosting,-32.28610733380404,32.28610733380404
2026-06-25 15:00:00,2026-06-25,15,3,6,169,221.16946934562168,Gradient Boosting,-52.16946934562168,52.16946934562168
2026-06-25 16:00:00,2026-06-25,16,3,6,257,232.76414018087934,Gradient Boosting,24.235859819120662,24.235859819120662
2026-06-25 17:00:00,2026-06-25,17,3,6,419,427.4893356544011,Gradient Boosting,-8.489335654401089,8.489335654401089
2026-06-25 18:00:00,2026-06-25,18,3,6,370,418.2468788333365,Gradient Boosting,-48.246878833336496,48.246878833336496
2026-06-25 19:00:00,2026-06-25,19,3,6,312,261.6056316109135,Gradient Boosting,50.39436838908648,50.39436838908648
2026-06-25 20:00:00,2026-06-25,20,3,6,245,218.27215550148927,Gradient Boosting,26.727844498510734,26.727844498510734
2026-06-25 21:00:00,2026-06-25,21,3,6,220,187.91208160679648,Gradient Boosting,32.08791839320352,32.08791839320352
2026-06-25 22:00:00,2026-06-25,22,3,6,129,161.9845820008173,Gradient Boosting,-32.98458200081731,32.98458200081731
2026-06-25 23:00:00,2026-06-25,23,3,6,91,96.1038583859084,Gradient Boosting,-5.103858385908396,5.103858385908396
2026-06-26 00:00:00,2026-06-26,0,4,6,95,65.54419658683011,Gradient Boosting,29.45580341316989,29.45580341316989
2026-06-26 01:00:00,2026-06-26,1,4,6,21,59.526528449273414,Gradient Boosting,-38.526528449273414,38.526528449273414
2026-06-26 02:00:00,2026-06-26,2,4,6,22,18.86391451215747,Gradient Boosting,3.1360854878425286,3.1360854878425286
2026-06-26 03:00:00,2026-06-26,3,4,6,6,14.952996028054155,Gradient Boosting,-8.952996028054155,8.952996028054155
2026-06-26 04:00:00,2026-06-26,4,4,6,4,13.289214740021192,Gradient Boosting,-9.289214740021192,9.289214740021192
2026-06-26 05:00:00,2026-06-26,5,4,6,40,30.68252464037176,Gradient Boosting,9.31747535962824,9.31747535962824
2026-06-26 06:00:00,2026-06-26,6,4,6,106,102.28512158207403,Gradient Boosting,3.7148784179259735,3.7148784179259735
2026-06-26 07:00:00,2026-06-26,7,4,6,169,194.24469082000195,Gradient Boosting,-25.24469082000195,25.24469082000195
2026-06-26 08:00:00,2026-06-26,8,4,6,248,197.71578890181632,Gradient Boosting,50.284211098183675,50.284211098183675
2026-06-26 09:00:00,2026-06-26,9,4,6,168,165.23035922123782,Gradient Boosting,2.769640778762181,2.769640778762181
2026-06-26 10:00:00,2026-06-26,10,4,6,144,191.71719245755776,Gradient Boosting,-47.71719245755776,47.71719245755776
2026-06-26 11:00:00,2026-06-26,11,4,6,152,174.58912200028342,Gradient Boosting,-22.589122000283425,22.589122000283425
2026-06-26 12:00:00,2026-06-26,12,4,6,174,173.12815475092597,Gradient Boosting,0.8718452490740276,0.8718452490740276
2026-06-26 13:00:00,2026-06-26,13,4,6,229,217.43237540700926,Gradient Boosting,11.56762459299074,11.56762459299074
2026-06-26 14:00:00,2026-06-26,14,4,6,247,307.01311446627255,Gradient Boosting,-60.013114466272555,60.013114466272555
2026-06-26 15:00:00,2026-06-26,15,4,6,230,252.32360289220316,Gradient Boosting,-22.323602892203155,22.323602892203155
2026-06-26 16:00:00,2026-06-26,16,4,6,295,263.0529329453868,Gradient Boosting,31.94706705461323,31.94706705461323
2026-06-26 17:00:00,2026-06-26,17,4,6,388,394.15504875222183,Gradient Boosting,-6.1550487522218305,6.1550487522218305
2026-06-26 18:00:00,2026-06-26,18,4,6,328,294.4746926081692,Gradient Boosting,33.52530739183078,33.52530739183078
2026-06-26 19:00:00,2026-06-26,19,4,6,261,240.5977149537621,Gradient Boosting,20.402285046237893,20.402285046237893
2026-06-26 20:00:00,2026-06-26,20,4,6,217,214.0672939516468,Gradient Boosting,2.9327060483531966,2.9327060483531966
2026-06-26 21:00:00,2026-06-26,21,4,6,181,170.70343767323524,Gradient Boosting,10.296562326764757,10.296562326764757
2026-06-26 22:00:00,2026-06-26,22,4,6,172,156.45693658898156,Gradient Boosting,15.543063411018437,15.543063411018437
2026-06-26 23:00:00,2026-06-26,23,4,6,116,122.74140726876209,Gradient Boosting,-6.741407268762089,6.741407268762089
2026-06-27 00:00:00,2026-06-27,0,5,6,82,118.4840080591682,Gradient Boosting,-36.484008059168204,36.484008059168204
2026-06-27 01:00:00,2026-06-27,1,5,6,67,59.59835876259015,Gradient Boosting,7.401641237409848,7.401641237409848
2026-06-27 02:00:00,2026-06-27,2,5,6,25,55.4673173643476,Gradient Boosting,-30.4673173643476,30.4673173643476
2026-06-27 03:00:00,2026-06-27,3,5,6,25,24.811798999235258,Gradient Boosting,0.18820100076474233,0.18820100076474233
2026-06-27 04:00:00,2026-06-27,4,5,6,12,21.39372829950341,Gradient Boosting,-9.393728299503412,9.393728299503412
2026-06-27 05:00:00,2026-06-27,5,5,6,22,31.645595313144856,Gradient Boosting,-9.645595313144856,9.645595313144856
2026-06-27 06:00:00,2026-06-27,6,5,6,50,50.054734463630005,Gradient Boosting,-0.05473446363000534,0.05473446363000534
2026-06-27 07:00:00,2026-06-27,7,5,6,64,97.75945195575314,Gradient Boosting,-33.759451955753136,33.759451955753136
2026-06-27 08:00:00,2026-06-27,8,5,6,138,127.3698837645632,Gradient Boosting,10.630116235436802,10.630116235436802
2026-06-27 09:00:00,2026-06-27,9,5,6,162,163.74334567426953,Gradient Boosting,-1.7433456742695341,1.7433456742695341
2026-06-27 10:00:00,2026-06-27,10,5,6,204,191.21694052785531,Gradient Boosting,12.783059472144686,12.783059472144686
2026-06-27 11:00:00,2026-06-27,11,5,6,260,211.81783482149487,Gradient Boosting,48.18216517850513,48.18216517850513
2026-06-27 12:00:00,2026-06-27,12,5,6,198,254.54101692198606,Gradient Boosting,-56.541016921986056,56.541016921986056
2026-06-27 13:00:00,2026-06-27,13,5,6,200,215.42215451556189,Gradient Boosting,-15.422154515561886,15.422154515561886
2026-06-27 14:00:00,2026-06-27,14,5,6,126,217.95884701150294,Gradient Boosting,-91.95884701150294,91.95884701150294
2026-06-27 15:00:00,2026-06-27,15,5,6,123,140.4515904111433,Gradient Boosting,-17.451590411143286,17.451590411143286
2026-06-27 16:00:00,2026-06-27,16,5,6,148,182.56458780949447,Gradient Boosting,-34.56458780949447,34.56458780949447
2026-06-27 17:00:00,2026-06-27,17,5,6,105,210.37498070284946,Gradient Boosting,-105.37498070284946,105.37498070284946
2026-06-27 18:00:00,2026-06-27,18,5,6,170,89.07096488426738,Gradient Boosting,80.92903511573262,80.92903511573262
2026-06-27 19:00:00,2026-06-27,19,5,6,185,128.72719634952503,Gradient Boosting,56.27280365047497,56.27280365047497
2026-06-27 20:00:00,2026-06-27,20,5,6,160,163.10382176938566,Gradient Boosting,-3.103821769385661,3.103821769385661
2026-06-27 21:00:00,2026-06-27,21,5,6,115,120.33631570237597,Gradient Boosting,-5.33631570237597,5.33631570237597
2026-06-27 22:00:00,2026-06-27,22,5,6,144,102.07461791460656,Gradient Boosting,41.92538208539344,41.92538208539344
2026-06-27 23:00:00,2026-06-27,23,5,6,101,112.63570279287646,Gradient Boosting,-11.635702792876458,11.635702792876458
2026-06-28 00:00:00,2026-06-28,0,6,6,87,116.32883691847485,Gradient Boosting,-29.32883691847485,29.32883691847485
2026-06-28 01:00:00,2026-06-28,1,6,6,70,66.15749365828968,Gradient Boosting,3.842506341710319,3.842506341710319
2026-06-28 02:00:00,2026-06-28,2,6,6,51,57.80512602209581,Gradient Boosting,-6.805126022095813,6.805126022095813
2026-06-28 03:00:00,2026-06-28,3,6,6,33,37.070991552440624,Gradient Boosting,-4.070991552440624,4.070991552440624
2026-06-28 04:00:00,2026-06-28,4,6,6,17,20.76129031303881,Gradient Boosting,-3.76129031303881,3.76129031303881
2026-06-28 05:00:00,2026-06-28,5,6,6,20,24.698377986383118,Gradient Boosting,-4.698377986383118,4.698377986383118
2026-06-28 06:00:00,2026-06-28,6,6,6,32,40.405621653169085,Gradient Boosting,-8.405621653169085,8.405621653169085
2026-06-28 07:00:00,2026-06-28,7,6,6,55,70.17794434019062,Gradient Boosting,-15.17794434019062,15.17794434019062
2026-06-28 08:00:00,2026-06-28,8,6,6,127,101.05706549454058,Gradient Boosting,25.94293450545942,25.94293450545942
2026-06-28 09:00:00,2026-06-28,9,6,6,142,164.76054940351816,Gradient Boosting,-22.760549403518155,22.760549403518155
2026-06-28 10:00:00,2026-06-28,10,6,6,205,168.81095208525127,Gradient Boosting,36.18904791474873,36.18904791474873
2026-06-28 11:00:00,2026-06-28,11,6,6,231,213.32736454415027,Gradient Boosting,17.67263545584973,17.67263545584973
2026-06-28 12:00:00,2026-06-28,12,6,6,289,254.18414794817983,Gradient Boosting,34.81585205182017,34.81585205182017
2026-06-28 13:00:00,2026-06-28,13,6,6,226,241.41184296069372,Gradient Boosting,-15.411842960693718,15.411842960693718
2026-06-28 14:00:00,2026-06-28,14,6,6,243,234.13905755433723,Gradient Boosting,8.860942445662772,8.860942445662772
2026-06-28 15:00:00,2026-06-28,15,6,6,235,252.31096363259843,Gradient Boosting,-17.31096363259843,17.31096363259843
2026-06-28 16:00:00,2026-06-28,16,6,6,212,252.46353167536444,Gradient Boosting,-40.463531675364436,40.463531675364436
2026-06-28 17:00:00,2026-06-28,17,6,6,235,228.68980766525064,Gradient Boosting,6.31019233474936,6.31019233474936
2026-06-28 18:00:00,2026-06-28,18,6,6,255,211.9362691767935,Gradient Boosting,43.0637308232065,43.0637308232065
2026-06-28 19:00:00,2026-06-28,19,6,6,205,212.42874597711744,Gradient Boosting,-7.428745977117444,7.428745977117444
2026-06-28 20:00:00,2026-06-28,20,6,6,198,170.611234668424,Gradient Boosting,27.388765331575996,27.388765331575996
2026-06-28 21:00:00,2026-06-28,21,6,6,121,149.07647485874293,Gradient Boosting,-28.076474858742927,28.076474858742927
2026-06-28 22:00:00,2026-06-28,22,6,6,83,105.84933238623924,Gradient Boosting,-22.84933238623924,22.84933238623924
2026-06-28 23:00:00,2026-06-28,23,6,6,67,66.20067081746535,Gradient Boosting,0.7993291825346489,0.7993291825346489
2026-06-29 00:00:00,2026-06-29,0,0,6,32,62.394914034935454,Gradient Boosting,-30.394914034935454,30.394914034935454
2026-06-29 01:00:00,2026-06-29,1,0,6,13,49.35797751207096,Gradient Boosting,-36.35797751207096,36.35797751207096
2026-06-29 02:00:00,2026-06-29,2,0,6,8,14.649184407030562,Gradient Boosting,-6.649184407030562,6.649184407030562
2026-06-29 03:00:00,2026-06-29,3,0,6,6,14.651067333545978,Gradient Boosting,-8.651067333545978,8.651067333545978
2026-06-29 04:00:00,2026-06-29,4,0,6,15,14.866589538545108,Gradient Boosting,0.13341046145489166,0.13341046145489166
2026-06-29 05:00:00,2026-06-29,5,0,6,38,38.94091028190214,Gradient Boosting,-0.9409102819021413,0.9409102819021413
2026-06-29 06:00:00,2026-06-29,6,0,6,112,94.2932560890214,Gradient Boosting,17.706743910978602,17.706743910978602
2026-06-29 07:00:00,2026-06-29,7,0,6,205,207.04369228735226,Gradient Boosting,-2.0436922873522576,2.0436922873522576
2026-06-29 08:00:00,2026-06-29,8,0,6,229,248.09277752548786,Gradient Boosting,-19.09277752548786,19.09277752548786
2026-06-29 09:00:00,2026-06-29,9,0,6,146,154.5627276931007,Gradient Boosting,-8.562727693100697,8.562727693100697
2026-06-29 10:00:00,2026-06-29,10,0,6,121,169.14825437202055,Gradient Boosting,-48.148254372020546,48.148254372020546
2026-06-29 11:00:00,2026-06-29,11,0,6,169,158.37825967793134,Gradient Boosting,10.62174032206866,10.62174032206866
2026-06-29 12:00:00,2026-06-29,12,0,6,153,200.13922753648626,Gradient Boosting,-47.13922753648626,47.13922753648626
2026-06-29 13:00:00,2026-06-29,13,0,6,133,172.08136079816748,Gradient Boosting,-39.08136079816748,39.08136079816748
2026-06-29 14:00:00,2026-06-29,14,0,6,160,167.6529064294894,Gradient Boosting,-7.652906429489406,7.652906429489406
2026-06-29 15:00:00,2026-06-29,15,0,6,163,194.62685073997727,Gradient Boosting,-31.62685073997727,31.62685073997727
2026-06-29 16:00:00,2026-06-29,16,0,6,282,206.09575127615014,Gradient Boosting,75.90424872384986,75.90424872384986
2026-06-29 17:00:00,2026-06-29,17,0,6,395,279.5186285422561,Gradient Boosting,115.48137145774388,115.48137145774388
2026-06-29 18:00:00,2026-06-29,18,0,6,381,324.1528634634266,Gradient Boosting,56.84713653657337,56.84713653657337
2026-06-29 19:00:00,2026-06-29,19,0,6,284,240.43469202522272,Gradient Boosting,43.565307974777284,43.565307974777284
2026-06-29 20:00:00,2026-06-29,20,0,6,253,192.9302208202215,Gradient Boosting,60.06977917977849,60.06977917977849
2026-06-29 21:00:00,2026-06-29,21,0,6,183,153.77099169834227,Gradient Boosting,29.22900830165773,29.22900830165773
2026-06-29 22:00:00,2026-06-29,22,0,6,101,122.35908931344673,Gradient Boosting,-21.35908931344673,21.35908931344673
2026-06-29 23:00:00,2026-06-29,23,0,6,72,61.42464734148463,Gradient Boosting,10.57535265851537,10.57535265851537
2026-06-30 00:00:00,2026-06-30,0,1,6,33,47.60389396305373,Gradient Boosting,-14.603893963053729,14.603893963053729
2026-06-30 01:00:00,2026-06-30,1,1,6,15,17.39493870474076,Gradient Boosting,-2.3949387047407598,2.3949387047407598
2026-06-30 02:00:00,2026-06-30,2,1,6,3,8.767975505129602,Gradient Boosting,-5.767975505129602,5.767975505129602
2026-06-30 03:00:00,2026-06-30,3,1,6,2,6.949100640920598,Gradient Boosting,-4.949100640920598,4.949100640920598
2026-06-30 04:00:00,2026-06-30,4,1,6,17,14.188227578101909,Gradient Boosting,2.811772421898091,2.811772421898091
2026-06-30 05:00:00,2026-06-30,5,1,6,38,40.10199004252241,Gradient Boosting,-2.1019900425224094,2.1019900425224094
2026-06-30 06:00:00,2026-06-30,6,1,6,133,119.46579560961204,Gradient Boosting,13.534204390387956,13.534204390387956
2026-06-30 07:00:00,2026-06-30,7,1,6,254,238.0015316851067,Gradient Boosting,15.998468314893302,15.998468314893302
2026-06-30 08:00:00,2026-06-30,8,1,6,313,276.2045766787246,Gradient Boosting,36.79542332127539,36.79542332127539
2026-06-30 09:00:00,2026-06-30,9,1,6,160,140.0284194830684,Gradient Boosting,19.971580516931596,19.971580516931596
2026-06-30 10:00:00,2026-06-30,10,1,6,121,132.74997551595524,Gradient Boosting,-11.749975515955242,11.749975515955242
2026-06-30 11:00:00,2026-06-30,11,1,6,130,90.78182706408016,Gradient Boosting,39.21817293591984,39.21817293591984
2026-06-30 12:00:00,2026-06-30,12,1,6,159,107.98349170959995,Gradient Boosting,51.016508290400054,51.016508290400054
2026-06-30 13:00:00,2026-06-30,13,1,6,155,97.08713866030654,Gradient Boosting,57.912861339693464,57.912861339693464
2026-06-30 14:00:00,2026-06-30,14,1,6,166,114.29952454243112,Gradient Boosting,51.700475457568885,51.700475457568885
2026-06-30 15:00:00,2026-06-30,15,1,6,160,143.7915352436142,Gradient Boosting,16.20846475638581,16.20846475638581
2026-06-30 16:00:00,2026-06-30,16,1,6,272,173.18377059991866,Gradient Boosting,98.81622940008134,98.81622940008134
2026-06-30 17:00:00,2026-06-30,17,1,6,418,277.1785167224852,Gradient Boosting,140.8214832775148,140.8214832775148
2026-06-30 18:00:00,2026-06-30,18,1,6,421,315.17259077837,Gradient Boosting,105.82740922162998,105.82740922162998
2026-06-30 19:00:00,2026-06-30,19,1,6,349,197.65145800556806,Gradient Boosting,151.34854199443194,151.34854199443194
2026-06-30 20:00:00,2026-06-30,20,1,6,236,170.68587540436732,Gradient Boosting,65.31412459563268,65.31412459563268
2026-06-30 21:00:00,2026-06-30,21,1,6,174,141.48177754721033,Gradient Boosting,32.51822245278967,32.51822245278967
2026-06-30 22:00:00,2026-06-30,22,1,6,86,77.58987670048528,Gradient Boosting,8.410123299514723,8.410123299514723
2026-06-30 23:00:00,2026-06-30,23,1,6,49,23.75234541591798,Gradient Boosting,25.24765458408202,25.24765458408202
