datetime,actual,predicted,error,absolute_error
2026-06-29 17:00:00,395,245.0821944444445,149.9178055555555,149.9178055555555
2026-06-27 17:00:00,105,252.492621031746,-147.492621031746,147.492621031746
2026-06-19 14:00:00,393,261.7669821428572,131.23301785714278,131.23301785714278
2026-06-22 18:00:00,128,246.64055952380943,-118.64055952380943,118.64055952380943
2026-06-19 18:00:00,226,343.01946825396817,-117.01946825396817,117.01946825396817
2026-06-21 00:00:00,76,188.48034271284268,-112.48034271284268,112.48034271284268
2026-06-24 17:00:00,438,326.9870882173382,111.01291178266177,111.01291178266177
2026-06-29 18:00:00,381,272.9312480158732,108.06875198412678,108.06875198412678
2026-06-23 17:00:00,189,295.0815714285716,-106.08157142857158,106.08157142857158
2026-06-30 17:00:00,418,313.5425376984128,104.45746230158721,104.45746230158721
2026-06-30 19:00:00,349,246.0827380952382,102.9172619047618,102.9172619047618
2026-06-22 19:00:00,109,208.36370238095236,-99.36370238095236,99.36370238095236
2026-06-29 16:00:00,282,184.0004491341992,97.99955086580081,97.99955086580081
2026-06-20 13:00:00,186,281.08074801587304,-95.08074801587304,95.08074801587304
2026-06-21 02:00:00,28,119.37115079365074,-91.37115079365074,91.37115079365074
2026-06-20 00:00:00,83,166.38698214285714,-83.38698214285714,83.38698214285714
2026-06-20 17:00:00,233,313.9344325396824,-80.9344325396824,80.9344325396824
2026-06-17 19:00:00,293,369.1534325396827,-76.15343253968268,76.15343253968268
2026-06-19 11:00:00,258,182.74876190476203,75.25123809523797,75.25123809523797
2026-06-27 18:00:00,170,95.98574206349208,74.01425793650792,74.01425793650792
