hour,mean_absolute_error,mean_error,max_absolute_error
0,40.37417385995231,-34.58591460069305,112.48034271284268
1,15.35910098541601,-12.11058291274794,67.87653174603173
2,11.373551562015603,-8.199979397680002,91.37115079365074
3,5.33518839869048,-3.038130486580125,12.676232142857131
4,3.4913834831493418,-0.043502358693199975,8.900893776437696
5,8.21861693723063,3.963399495825156,29.78690605636195
6,15.01427261748734,11.389180933210328,47.595626984126994
7,18.596145945720977,-1.537241905316866,43.054733044733084
8,28.74591304077184,0.3274490196078508,63.00744985569975
9,18.20407292663476,-7.687547000708835,65.61438943001443
10,23.45029776876085,-1.9257328096458735,55.960279761904786
11,28.754586602265768,19.47951763072233,75.25123809523797
12,33.23207305838746,3.891964692750284,66.17766068653566
13,23.295380203324957,-10.03004697174172,95.08074801587304
14,36.3460096708004,-4.407287670578394,131.23301785714278
15,23.989562499537517,-15.332724966699992,73.83805291930304
16,38.60618787068049,8.822766336658933,97.99955086580081
17,62.834912360787335,18.233762360787335,149.9178055555555
18,48.795321897546884,2.8323459716209594,118.64055952380943
19,34.558313143338104,9.449857804232753,102.9172619047618
20,18.06509834147337,8.660225349650355,44.1422242063492
21,21.50292724121997,-0.37748021972295664,37.04240277777774
22,21.10368507696008,-4.115079232804214,41.03427038239542
23,17.378065930365928,-13.811367349317353,49.75861309523813
